date,pm25
2015-01-01,127.5
2015-01-02,118.4
2015-01-03,130.7
2015-01-04,144.4
2015-01-05,118.5
2015-01-06,119.0
2015-01-07,146.7
2015-01-08,135.1
2015-01-09,117.0
2015-01-10,132.7
2015-01-11,118.1
2015-01-12,118.6
2015-01-13,129.7
2015-01-14,97.9
2015-01-15,101.2
2015-01-16,119.1
2015-01-17,112.9
2015-01-18,133.3
2015-01-19,115.4
2015-01-20,108.3
2015-01-21,152.0
2015-01-22,127.1
2015-01-23,132.0
2015-01-24,110.1
2015-01-25,123.7
2015-01-26,134.0
2015-01-27,115.6
2015-01-28,138.9
2015-01-29,124.7
2015-01-30,129.8
2015-01-31,125.6
2015-02-01,162.9
2015-02-02,135.3
2015-02-03,120.1
2015-02-04,148.7
2015-02-05,118.5
2015-02-06,140.3
2015-02-07,108.2
2015-02-08,118.1
2015-02-09,141.4
2015-02-10,149.9
2015-02-11,141.8
2015-02-12,137.9
2015-02-13,135.5
2015-02-14,118.2
2015-02-15,129.9
2015-02-16,134.2
2015-02-17,157.3
2015-02-18,146.9
2015-02-19,115.7
2015-02-20,147.3
2015-02-21,137.0
2015-02-22,133.0
2015-02-23,152.6
2015-02-24,159.2
2015-02-25,158.0
2015-02-26,131.7
2015-02-27,140.0
2015-02-28,149.9
2015-03-01,159.8
2015-03-02,138.2
2015-03-03,142.9
2015-03-04,129.3
2015-03-05,128.2
2015-03-06,158.6
2015-03-07,167.0
2015-03-08,145.8
2015-03-09,162.1
2015-03-10,152.7
2015-03-11,137.8
2015-03-12,153.0
2015-03-13,170.9
2015-03-14,147.4
2015-03-15,171.6
2015-03-16,109.0
2015-03-17,160.7
2015-03-18,149.9
2015-03-19,144.2
2015-03-20,150.2
2015-03-21,119.1
2015-03-22,145.7
2015-03-23,154.4
2015-03-24,171.3
2015-03-25,141.5
2015-03-26,137.2
2015-03-27,141.8
2015-03-28,163.1
2015-03-29,154.4
2015-03-30,141.5
2015-03-31,157.2
2015-04-01,151.0
2015-04-02,164.0
2015-04-03,139.0
2015-04-04,144.6
2015-04-05,143.6
2015-04-06,127.5
2015-04-07,153.8
2015-04-08,153.2
2015-04-09,149.3
2015-04-10,145.7
2015-04-11,127.9
2015-04-12,142.7
2015-04-13,143.8
2015-04-14,136.8
2015-04-15,146.3
2015-04-16,154.7
2015-04-17,176.8
2015-04-18,150.9
2015-04-19,152.0
2015-04-20,146.9
2015-04-21,119.1
2015-04-22,147.3
2015-04-23,148.4
2015-04-24,184.3
2015-04-25,144.2
2015-04-26,151.4
2015-04-27,146.2
2015-04-28,128.9
2015-04-29,163.4
2015-04-30,157.3
2015-05-01,157.6
2015-05-02,131.9
2015-05-03,166.3
2015-05-04,124.0
2015-05-05,153.5
2015-05-06,177.3
2015-05-07,129.3
2015-05-08,135.3
2015-05-09,145.0
2015-05-10,135.7
2015-05-11,119.6
2015-05-12,143.6
2015-05-13,126.3
2015-05-14,149.0
2015-05-15,127.7
2015-05-16,164.4
2015-05-17,129.1
2015-05-18,135.6
2015-05-19,152.3
2015-05-20,121.2
2015-05-21,142.7
2015-05-22,158.5
2015-05-23,114.4
2015-05-24,140.9
2015-05-25,141.6
2015-05-26,149.0
2015-05-27,118.3
2015-05-28,116.6
2015-05-29,143.8
2015-05-30,140.0
2015-05-31,138.9
2015-06-01,139.9
2015-06-02,124.1
2015-06-03,137.3
2015-06-04,137.7
2015-06-05,122.2
2015-06-06,160.4
2015-06-07,139.0
2015-06-08,113.6
2015-06-09,140.8
2015-06-10,115.9
2015-06-11,141.8
2015-06-12,146.9
2015-06-13,116.7
2015-06-14,143.0
2015-06-15,134.2
2015-06-16,139.9
2015-06-17,155.5
2015-06-18,122.9
2015-06-19,114.7
2015-06-20,112.2
2015-06-21,112.8
2015-06-22,123.4
2015-06-23,129.1
2015-06-24,127.6
2015-06-25,135.4
2015-06-26,122.6
2015-06-27,143.7
2015-06-28,117.4
2015-06-29,161.7
2015-06-30,129.8
2015-07-01,107.0
2015-07-02,103.3
2015-07-03,126.0
2015-07-04,114.9
2015-07-05,128.5
2015-07-06,124.3
2015-07-07,115.6
2015-07-08,103.5
2015-07-09,93.0
2015-07-10,108.5
2015-07-11,127.5
2015-07-12,117.3
2015-07-13,94.9
2015-07-14,115.7
2015-07-15,118.4
2015-07-16,98.8
2015-07-17,113.9
2015-07-18,111.9
2015-07-19,93.4
2015-07-20,115.4
2015-07-21,118.0
2015-07-22,125.3
2015-07-23,124.4
2015-07-24,87.4
2015-07-25,93.5
2015-07-26,114.9
2015-07-27,114.4
2015-07-28,113.9
2015-07-29,163.5
2015-07-30,113.8
2015-07-31,121.8
2015-08-01,118.6
2015-08-02,113.6
2015-08-03,98.7
2015-08-04,114.3
2015-08-05,90.9
2015-08-06,98.5
2015-08-07,94.4
2015-08-08,102.5
2015-08-09,135.5
2015-08-10,72.4
2015-08-11,110.3
2015-08-12,75.4
2015-08-13,92.1
2015-08-14,115.1
2015-08-15,99.4
2015-08-16,81.8
2015-08-17,86.9
2015-08-18,107.5
2015-08-19,86.0
2015-08-20,99.8
2015-08-21,96.9
2015-08-22,86.1
2015-08-23,127.7
2015-08-24,104.7
2015-08-25,64.5
2015-08-26,97.4
2015-08-27,84.3
2015-08-28,106.7
2015-08-29,81.8
2015-08-30,91.6
2015-08-31,100.7
2015-09-01,105.8
2015-09-02,74.5
2015-09-03,87.3
2015-09-04,84.9
2015-09-05,82.0
2015-09-06,118.1
2015-09-07,97.4
2015-09-08,72.2
2015-09-09,104.7
2015-09-10,122.6
2015-09-11,106.0
2015-09-12,67.6
2015-09-13,82.9
2015-09-14,109.0
2015-09-15,79.2
2015-09-16,96.4
2015-09-17,101.2
2015-09-18,75.5
2015-09-19,88.4
2015-09-20,40.6
2015-09-21,73.7
2015-09-22,85.2
2015-09-23,70.2
2015-09-24,113.3
2015-09-25,67.3
2015-09-26,82.1
2015-09-27,90.6
2015-09-28,110.2
2015-09-29,67.0
2015-09-30,106.0
2015-10-01,88.7
2015-10-02,73.8
2015-10-03,95.4
2015-10-04,91.5
2015-10-05,79.5
2015-10-06,89.6
2015-10-07,82.8
2015-10-08,90.3
2015-10-09,98.6
2015-10-10,112.5
2015-10-11,70.2
2015-10-12,120.9
2015-10-13,59.7
2015-10-14,86.8
2015-10-15,98.0
2015-10-16,93.5
2015-10-17,80.1
2015-10-18,86.4
2015-10-19,82.3
2015-10-20,81.0
2015-10-21,102.7
2015-10-22,95.5
2015-10-23,79.9
2015-10-24,104.0
2015-10-25,95.3
2015-10-26,103.1
2015-10-27,100.6
2015-10-28,78.9
2015-10-29,83.1
2015-10-30,103.0
2015-10-31,101.2
2015-11-01,91.9
2015-11-02,94.3
2015-11-03,111.9
2015-11-04,84.2
2015-11-05,101.5
2015-11-06,90.6
2015-11-07,90.6
2015-11-08,110.7
2015-11-09,106.9
2015-11-10,107.0
2015-11-11,114.7
2015-11-12,95.8
2015-11-13,106.0
2015-11-14,91.5
2015-11-15,101.3
2015-11-16,94.9
2015-11-17,98.6
2015-11-18,106.5
2015-11-19,85.6
2015-11-20,129.7
2015-11-21,83.6
2015-11-22,80.9
2015-11-23,116.8
2015-11-24,111.7
2015-11-25,109.6
2015-11-26,110.1
2015-11-27,100.9
2015-11-28,88.1
2015-11-29,103.1
2015-11-30,92.2
2015-12-01,117.4
2015-12-02,101.0
2015-12-03,91.3
2015-12-04,99.3
2015-12-05,110.8
2015-12-06,96.6
2015-12-07,93.2
2015-12-08,109.6
2015-12-09,110.1
2015-12-10,99.3
2015-12-11,100.3
2015-12-12,111.3
2015-12-13,86.6
2015-12-14,87.7
2015-12-15,98.5
2015-12-16,106.6
2015-12-17,115.0
2015-12-18,132.9
2015-12-19,124.2
2015-12-20,109.4
2015-12-21,112.0
2015-12-22,97.8
2015-12-23,113.0
2015-12-24,109.5
2015-12-25,119.1
2015-12-26,102.4
2015-12-27,123.1
2015-12-28,138.8
2015-12-29,114.7
2015-12-30,122.9
2015-12-31,127.7
2016-01-01,111.9
2016-01-02,121.7
2016-01-03,119.1
2016-01-04,120.9
2016-01-05,108.3
2016-01-06,120.8
2016-01-07,128.4
2016-01-08,143.2
2016-01-09,136.3
2016-01-10,154.7
2016-01-11,111.4
2016-01-12,136.5
2016-01-13,126.7
2016-01-14,157.3
2016-01-15,112.8
2016-01-16,112.9
2016-01-17,116.9
2016-01-18,94.6
2016-01-19,119.0
2016-01-20,116.0
2016-01-21,130.1
2016-01-22,133.5
2016-01-23,157.0
2016-01-24,143.6
2016-01-25,121.1
2016-01-26,116.8
2016-01-27,138.1
2016-01-28,111.4
2016-01-29,159.1
2016-01-30,149.8
2016-01-31,125.5
2016-02-01,107.3
2016-02-02,153.7
2016-02-03,132.1
2016-02-04,152.8
2016-02-05,110.8
2016-02-06,126.1
2016-02-07,135.6
2016-02-08,136.6
2016-02-09,129.6
2016-02-10,146.1
2016-02-11,121.1
2016-02-12,135.4
2016-02-13,139.7
2016-02-14,146.0
2016-02-15,149.3
2016-02-16,122.1
2016-02-17,116.3
2016-02-18,158.9
2016-02-19,145.0
2016-02-20,129.2
2016-02-21,164.0
2016-02-22,142.8
2016-02-23,159.0
2016-02-24,142.7
2016-02-25,172.9
2016-02-26,168.6
2016-02-27,138.8
2016-02-28,157.4
2016-02-29,152.8
2016-03-01,163.9
2016-03-02,129.1
2016-03-03,154.2
2016-03-04,160.0
2016-03-05,118.0
2016-03-06,126.8
2016-03-07,114.2
2016-03-08,141.0
2016-03-09,156.0
2016-03-10,167.9
2016-03-11,146.7
2016-03-12,170.2
2016-03-13,125.2
2016-03-14,120.5
2016-03-15,145.4
2016-03-16,152.1
2016-03-17,146.0
2016-03-18,115.6
2016-03-19,145.4
2016-03-20,127.3
2016-03-21,157.0
2016-03-22,152.6
2016-03-23,133.0
2016-03-24,139.5
2016-03-25,131.4
2016-03-26,146.4
2016-03-27,161.7
2016-03-28,132.6
2016-03-29,155.0
2016-03-30,139.5
2016-03-31,135.6
2016-04-01,145.9
2016-04-02,132.0
2016-04-03,139.2
2016-04-04,129.5
2016-04-05,176.9
2016-04-06,147.9
2016-04-07,136.8
2016-04-08,150.5
2016-04-09,145.5
2016-04-10,143.8
2016-04-11,156.3
2016-04-12,158.3
2016-04-13,138.9
2016-04-14,138.1
2016-04-15,142.5
2016-04-16,112.0
2016-04-17,123.6
2016-04-18,166.7
2016-04-19,170.7
2016-04-20,142.2
2016-04-21,154.4
2016-04-22,150.2
2016-04-23,191.5
2016-04-24,162.0
2016-04-25,143.0
2016-04-26,130.4
2016-04-27,120.4
2016-04-28,147.4
2016-04-29,132.7
2016-04-30,122.5
2016-05-01,133.9
2016-05-02,127.1
2016-05-03,168.4
2016-05-04,156.0
2016-05-05,142.4
2016-05-06,164.4
2016-05-07,143.1
2016-05-08,128.7
2016-05-09,164.1
2016-05-10,149.0
2016-05-11,125.1
2016-05-12,137.5
2016-05-13,126.8
2016-05-14,118.9
2016-05-15,153.2
2016-05-16,167.5
2016-05-17,117.6
2016-05-18,146.6
2016-05-19,128.0
2016-05-20,130.1
2016-05-21,128.1
2016-05-22,123.7
2016-05-23,136.9
2016-05-24,123.3
2016-05-25,139.5
2016-05-26,134.2
2016-05-27,131.0
2016-05-28,120.5
2016-05-29,125.0
2016-05-30,144.6
2016-05-31,140.3
2016-06-01,117.7
2016-06-02,133.4
2016-06-03,142.7
2016-06-04,105.9
2016-06-05,138.7
2016-06-06,120.1
2016-06-07,138.1
2016-06-08,117.7
2016-06-09,101.6
2016-06-10,103.7
2016-06-11,128.4
2016-06-12,131.1
2016-06-13,113.1
2016-06-14,135.8
2016-06-15,100.8
2016-06-16,124.2
2016-06-17,106.5
2016-06-18,114.4
2016-06-19,124.4
2016-06-20,110.2
2016-06-21,116.9
2016-06-22,137.2
2016-06-23,113.0
2016-06-24,133.6
2016-06-25,103.6
2016-06-26,128.0
2016-06-27,141.2
2016-06-28,81.9
2016-06-29,106.5
2016-06-30,126.6
2016-07-01,114.4
2016-07-02,122.5
2016-07-03,107.4
2016-07-04,117.2
2016-07-05,113.0
2016-07-06,132.4
2016-07-07,118.1
2016-07-08,118.9
2016-07-09,107.1
2016-07-10,105.5
2016-07-11,105.8
2016-07-12,117.7
2016-07-13,104.9
2016-07-14,115.1
2016-07-15,141.3
2016-07-16,122.8
2016-07-17,104.3
2016-07-18,126.7
2016-07-19,102.1
2016-07-20,77.1
2016-07-21,92.1
2016-07-22,78.6
2016-07-23,100.9
2016-07-24,106.0
2016-07-25,130.4
2016-07-26,109.7
2016-07-27,101.0
2016-07-28,116.3
2016-07-29,70.2
2016-07-30,106.4
2016-07-31,114.0
2016-08-01,79.8
2016-08-02,118.7
2016-08-03,106.2
2016-08-04,94.4
2016-08-05,109.7
2016-08-06,133.8
2016-08-07,102.1
2016-08-08,102.6
2016-08-09,91.6
2016-08-10,85.3
2016-08-11,110.1
2016-08-12,84.4
2016-08-13,98.0
2016-08-14,89.3
2016-08-15,103.3
2016-08-16,100.7
2016-08-17,110.9
2016-08-18,87.3
2016-08-19,90.6
2016-08-20,79.6
2016-08-21,87.3
2016-08-22,99.3
2016-08-23,104.6
2016-08-24,79.1
2016-08-25,105.7
2016-08-26,112.7
2016-08-27,98.2
2016-08-28,119.9
2016-08-29,79.8
2016-08-30,72.5
2016-08-31,64.2
2016-09-01,113.1
2016-09-02,100.2
2016-09-03,89.3
2016-09-04,94.1
2016-09-05,72.8
2016-09-06,126.1
2016-09-07,91.1
2016-09-08,90.6
2016-09-09,99.7
2016-09-10,95.8
2016-09-11,91.8
2016-09-12,76.4
2016-09-13,95.1
2016-09-14,116.1
2016-09-15,107.9
2016-09-16,111.5
2016-09-17,79.8
2016-09-18,72.5
2016-09-19,85.3
2016-09-20,87.9
2016-09-21,103.4
2016-09-22,61.5
2016-09-23,109.8
2016-09-24,84.4
2016-09-25,80.3
2016-09-26,71.5
2016-09-27,61.8
2016-09-28,98.9
2016-09-29,87.6
2016-09-30,67.2
2016-10-01,67.1
2016-10-02,81.5
2016-10-03,111.5
2016-10-04,82.6
2016-10-05,64.0
2016-10-06,82.9
2016-10-07,82.5
2016-10-08,46.2
2016-10-09,85.9
2016-10-10,83.3
2016-10-11,97.3
2016-10-12,114.7
2016-10-13,103.9
2016-10-14,83.1
2016-10-15,70.7
2016-10-16,126.0
2016-10-17,88.4
2016-10-18,87.9
2016-10-19,87.4
2016-10-20,90.9
2016-10-21,85.9
2016-10-22,79.7
2016-10-23,80.3
2016-10-24,88.2
2016-10-25,80.7
2016-10-26,78.4
2016-10-27,90.9
2016-10-28,85.7
2016-10-29,112.3
2016-10-30,50.2
2016-10-31,106.6
2016-11-01,109.1
2016-11-02,59.6
2016-11-03,85.8
2016-11-04,85.7
2016-11-05,70.4
2016-11-06,80.1
2016-11-07,75.5
2016-11-08,118.7
2016-11-09,106.8
2016-11-10,112.1
2016-11-11,104.2
2016-11-12,76.8
2016-11-13,86.2
2016-11-14,101.7
2016-11-15,76.4
2016-11-16,105.8
2016-11-17,91.8
2016-11-18,90.2
2016-11-19,106.9
2016-11-20,103.2
2016-11-21,91.6
2016-11-22,114.8
2016-11-23,81.5
2016-11-24,107.4
2016-11-25,107.5
2016-11-26,94.3
2016-11-27,104.3
2016-11-28,81.1
2016-11-29,114.1
2016-11-30,97.9
2016-12-01,93.3
2016-12-02,117.3
2016-12-03,91.5
2016-12-04,81.4
2016-12-05,79.6
2016-12-06,112.5
2016-12-07,84.7
2016-12-08,130.6
2016-12-09,73.6
2016-12-10,130.7
2016-12-11,108.9
2016-12-12,104.8
2016-12-13,98.5
2016-12-14,113.2
2016-12-15,107.1
2016-12-16,124.7
2016-12-17,110.4
2016-12-18,111.4
2016-12-19,104.2
2016-12-20,109.3
2016-12-21,115.3
2016-12-22,85.5
2016-12-23,91.4
2016-12-24,123.3
2016-12-25,115.2
2016-12-26,110.4
2016-12-27,114.0
2016-12-28,119.4
2016-12-29,106.6
2016-12-30,103.6
2016-12-31,118.7
2017-01-01,101.6
2017-01-02,122.9
2017-01-03,91.7
2017-01-04,133.2
2017-01-05,125.4
2017-01-06,122.6
2017-01-07,134.0
2017-01-08,144.8
2017-01-09,135.5
2017-01-10,93.2
2017-01-11,102.1
2017-01-12,112.5
2017-01-13,122.7
2017-01-14,130.6
2017-01-15,112.4
2017-01-16,126.6
2017-01-17,113.0
2017-01-18,115.6
2017-01-19,104.2
2017-01-20,111.9
2017-01-21,106.0
2017-01-22,112.1
2017-01-23,143.0
2017-01-24,113.4
2017-01-25,167.6
2017-01-26,136.0
2017-01-27,131.8
2017-01-28,116.6
2017-01-29,140.5
2017-01-30,121.8
2017-01-31,132.7
2017-02-01,169.7
2017-02-02,130.3
2017-02-03,149.4
2017-02-04,122.0
2017-02-05,132.5
2017-02-06,160.0
2017-02-07,124.4
2017-02-08,161.4
2017-02-09,145.2
2017-02-10,126.6
2017-02-11,144.9
2017-02-12,150.4
2017-02-13,145.5
2017-02-14,113.0
2017-02-15,126.0
2017-02-16,133.5
2017-02-17,136.5
2017-02-18,147.3
2017-02-19,141.0
2017-02-20,118.6
2017-02-21,144.7
2017-02-22,148.4
2017-02-23,148.0
2017-02-24,156.1
2017-02-25,152.7
2017-02-26,147.4
2017-02-27,139.7
2017-02-28,116.1
2017-03-01,147.7
2017-03-02,144.7
2017-03-03,145.9
2017-03-04,122.9
2017-03-05,126.1
2017-03-06,158.3
2017-03-07,142.1
2017-03-08,153.2
2017-03-09,143.6
2017-03-10,143.8
2017-03-11,157.6
2017-03-12,136.0
2017-03-13,145.3
2017-03-14,137.1
2017-03-15,137.7
2017-03-16,139.7
2017-03-17,147.8
2017-03-18,137.4
2017-03-19,163.6
2017-03-20,131.4
2017-03-21,142.1
2017-03-22,138.4
2017-03-23,166.8
2017-03-24,148.1
2017-03-25,160.7
2017-03-26,123.0
2017-03-27,149.4
2017-03-28,158.8
2017-03-29,146.7
2017-03-30,161.5
2017-03-31,137.7
2017-04-01,166.6
2017-04-02,180.0
2017-04-03,140.0
2017-04-04,138.8
2017-04-05,167.2
2017-04-06,169.1
2017-04-07,137.5
2017-04-08,139.0
2017-04-09,141.0
2017-04-10,125.0
2017-04-11,131.3
2017-04-12,129.9
2017-04-13,133.4
2017-04-14,144.3
2017-04-15,148.2
2017-04-16,167.8
2017-04-17,129.4
2017-04-18,159.0
2017-04-19,140.9
2017-04-20,143.2
2017-04-21,153.9
2017-04-22,126.8
2017-04-23,149.1
2017-04-24,145.7
2017-04-25,150.4
2017-04-26,147.1
2017-04-27,179.4
2017-04-28,132.8
2017-04-29,134.2
2017-04-30,132.5
2017-05-01,133.3
2017-05-02,131.8
2017-05-03,158.9
2017-05-04,162.1
2017-05-05,132.0
2017-05-06,127.8
2017-05-07,147.0
2017-05-08,131.4
2017-05-09,148.9
2017-05-10,142.1
2017-05-11,116.0
2017-05-12,161.6
2017-05-13,165.0
2017-05-14,128.5
2017-05-15,131.5
2017-05-16,141.3
2017-05-17,141.6
2017-05-18,146.1
2017-05-19,166.0
2017-05-20,132.8
2017-05-21,123.1
2017-05-22,114.0
2017-05-23,123.4
2017-05-24,133.4
2017-05-25,160.4
2017-05-26,125.3
2017-05-27,136.0
2017-05-28,132.0
2017-05-29,149.6
2017-05-30,169.3
2017-05-31,123.0
2017-06-01,123.1
2017-06-02,145.7
2017-06-03,139.8
2017-06-04,156.8
2017-06-05,137.4
2017-06-06,122.8
2017-06-07,136.6
2017-06-08,143.9
2017-06-09,139.1
2017-06-10,133.9
2017-06-11,141.8
2017-06-12,142.8
2017-06-13,145.5
2017-06-14,134.0
2017-06-15,121.3
2017-06-16,125.5
2017-06-17,140.9
2017-06-18,110.0
2017-06-19,127.3
2017-06-20,115.4
2017-06-21,121.2
2017-06-22,139.4
2017-06-23,122.6
2017-06-24,119.9
2017-06-25,98.3
2017-06-26,129.4
2017-06-27,127.3
2017-06-28,149.6
2017-06-29,112.0
2017-06-30,119.4
2017-07-01,119.3
2017-07-02,138.7
2017-07-03,113.1
2017-07-04,118.2
2017-07-05,122.6
2017-07-06,115.8
2017-07-07,105.8
2017-07-08,114.8
2017-07-09,127.5
2017-07-10,95.5
2017-07-11,112.4
2017-07-12,99.4
2017-07-13,127.3
2017-07-14,86.0
2017-07-15,100.0
2017-07-16,113.5
2017-07-17,130.8
2017-07-18,105.8
2017-07-19,98.0
2017-07-20,134.0
2017-07-21,83.6
2017-07-22,71.8
2017-07-23,110.9
2017-07-24,96.3
2017-07-25,88.0
2017-07-26,113.5
2017-07-27,106.1
2017-07-28,93.5
2017-07-29,82.3
2017-07-30,114.1
2017-07-31,110.3
2017-08-01,98.6
2017-08-02,127.3
2017-08-03,83.1
2017-08-04,75.9
2017-08-05,87.9
2017-08-06,97.2
2017-08-07,101.1
2017-08-08,93.4
2017-08-09,101.9
2017-08-10,77.4
2017-08-11,117.4
2017-08-12,94.1
2017-08-13,111.7
2017-08-14,99.7
2017-08-15,101.1
2017-08-16,102.4
2017-08-17,100.2
2017-08-18,102.7
2017-08-19,112.7
2017-08-20,95.3
2017-08-21,102.7
2017-08-22,90.3
2017-08-23,113.0
2017-08-24,80.9
2017-08-25,117.7
2017-08-26,89.8
2017-08-27,68.6
2017-08-28,91.7
2017-08-29,79.3
2017-08-30,101.8
2017-08-31,79.2
2017-09-01,82.0
2017-09-02,60.1
2017-09-03,81.4
2017-09-04,51.6
2017-09-05,63.9
2017-09-06,98.9
2017-09-07,99.0
2017-09-08,93.4
2017-09-09,72.3
2017-09-10,85.9
2017-09-11,86.4
2017-09-12,68.9
2017-09-13,108.6
2017-09-14,99.1
2017-09-15,82.5
2017-09-16,86.0
2017-09-17,88.6
2017-09-18,54.7
2017-09-19,81.5
2017-09-20,74.9
2017-09-21,70.0
2017-09-22,80.7
2017-09-23,111.8
2017-09-24,94.4
2017-09-25,76.1
2017-09-26,93.2
2017-09-27,105.6
2017-09-28,98.4
2017-09-29,85.4
2017-09-30,74.8
2017-10-01,95.0
2017-10-02,90.4
2017-10-03,97.9
2017-10-04,94.0
2017-10-05,100.3
2017-10-06,76.5
2017-10-07,104.4
2017-10-08,87.6
2017-10-09,115.8
2017-10-10,74.4
2017-10-11,110.9
2017-10-12,87.9
2017-10-13,75.3
2017-10-14,77.9
2017-10-15,80.4
2017-10-16,91.7
2017-10-17,93.3
2017-10-18,77.0
2017-10-19,85.4
2017-10-20,118.0
2017-10-21,112.0
2017-10-22,92.8
2017-10-23,87.0
2017-10-24,88.4
2017-10-25,96.0
2017-10-26,71.7
2017-10-27,83.3
2017-10-28,62.4
2017-10-29,93.6
2017-10-30,97.6
2017-10-31,80.9
2017-11-01,112.0
2017-11-02,70.2
2017-11-03,66.9
2017-11-04,92.5
2017-11-05,105.2
2017-11-06,115.0
2017-11-07,83.2
2017-11-08,106.5
2017-11-09,90.1
2017-11-10,88.4
2017-11-11,104.5
2017-11-12,101.4
2017-11-13,68.3
2017-11-14,114.4
2017-11-15,113.3
2017-11-16,83.6
2017-11-17,99.3
2017-11-18,101.1
2017-11-19,98.0
2017-11-20,86.2
2017-11-21,84.8
2017-11-22,94.9
2017-11-23,113.2
2017-11-24,104.2
2017-11-25,90.9
2017-11-26,108.5
2017-11-27,54.6
2017-11-28,115.0
2017-11-29,72.1
2017-11-30,93.1
2017-12-01,82.2
2017-12-02,80.0
2017-12-03,117.3
2017-12-04,93.3
2017-12-05,106.0
2017-12-06,100.6
2017-12-07,108.9
2017-12-08,103.4
2017-12-09,83.4
2017-12-10,118.1
2017-12-11,96.2
2017-12-12,80.8
2017-12-13,98.2
2017-12-14,127.6
2017-12-15,118.3
2017-12-16,100.8
2017-12-17,101.3
2017-12-18,102.2
2017-12-19,138.7
2017-12-20,113.8
2017-12-21,115.0
2017-12-22,124.5
2017-12-23,113.1
2017-12-24,106.2
2017-12-25,107.6
2017-12-26,110.0
2017-12-27,111.0
2017-12-28,123.0
2017-12-29,113.4
2017-12-30,124.1
2017-12-31,112.4
2018-01-01,115.3
2018-01-02,84.7
2018-01-03,128.9
2018-01-04,120.9
2018-01-05,131.1
2018-01-06,73.2
2018-01-07,148.5
2018-01-08,115.6
2018-01-09,134.8
2018-01-10,103.1
2018-01-11,128.4
2018-01-12,103.9
2018-01-13,110.8
2018-01-14,149.4
2018-01-15,118.3
2018-01-16,125.0
2018-01-17,135.2
2018-01-18,130.1
2018-01-19,125.4
2018-01-20,129.1
2018-01-21,160.2
2018-01-22,123.7
2018-01-23,128.1
2018-01-24,141.3
2018-01-25,142.6
2018-01-26,144.3
2018-01-27,136.5
2018-01-28,110.3
2018-01-29,152.4
2018-01-30,111.1
2018-01-31,133.3
2018-02-01,117.9
2018-02-02,128.7
2018-02-03,135.0
2018-02-04,135.3
2018-02-05,137.2
2018-02-06,155.5
2018-02-07,138.5
2018-02-08,128.5
2018-02-09,147.0
2018-02-10,150.8
2018-02-11,114.9
2018-02-12,142.7
2018-02-13,144.6
2018-02-14,130.0
2018-02-15,155.4
2018-02-16,132.9
2018-02-17,137.4
2018-02-18,133.3
2018-02-19,136.4
2018-02-20,120.1
2018-02-21,115.3
2018-02-22,161.1
2018-02-23,124.8
2018-02-24,122.9
2018-02-25,105.8
2018-02-26,128.8
2018-02-27,118.8
2018-02-28,163.6
2018-03-01,154.4
2018-03-02,129.2
2018-03-03,173.5
2018-03-04,154.7
2018-03-05,135.3
2018-03-06,103.0
2018-03-07,175.0
2018-03-08,120.0
2018-03-09,116.4
2018-03-10,156.6
2018-03-11,178.1
2018-03-12,162.4
2018-03-13,150.3
2018-03-14,150.9
2018-03-15,155.0
2018-03-16,153.7
2018-03-17,146.7
2018-03-18,144.1
2018-03-19,141.8
2018-03-20,131.5
2018-03-21,138.7
2018-03-22,117.6
2018-03-23,141.6
2018-03-24,128.4
2018-03-25,126.7
2018-03-26,146.0
2018-03-27,164.2
2018-03-28,157.2
2018-03-29,119.9
2018-03-30,128.6
2018-03-31,157.6
2018-04-01,128.8
2018-04-02,140.1
2018-04-03,151.7
2018-04-04,128.9
2018-04-05,145.0
2018-04-06,123.4
2018-04-07,134.3
2018-04-08,148.1
2018-04-09,119.3
2018-04-10,149.8
2018-04-11,142.8
2018-04-12,151.3
2018-04-13,146.3
2018-04-14,163.3
2018-04-15,144.6
2018-04-16,136.1
2018-04-17,144.3
2018-04-18,150.4
2018-04-19,142.9
2018-04-20,142.6
2018-04-21,131.3
2018-04-22,131.7
2018-04-23,120.4
2018-04-24,167.5
2018-04-25,122.4
2018-04-26,130.5
2018-04-27,129.9
2018-04-28,153.8
2018-04-29,135.8
2018-04-30,158.7
2018-05-01,129.6
2018-05-02,143.6
2018-05-03,126.6
2018-05-04,171.1
2018-05-05,120.8
2018-05-06,143.0
2018-05-07,147.6
2018-05-08,144.0
2018-05-09,134.7
2018-05-10,135.2
2018-05-11,137.5
2018-05-12,134.3
2018-05-13,150.6
2018-05-14,168.9
2018-05-15,127.1
2018-05-16,114.5
2018-05-17,133.4
2018-05-18,173.0
2018-05-19,121.9
2018-05-20,158.2
2018-05-21,158.4
2018-05-22,124.5
2018-05-23,141.0
2018-05-24,156.4
2018-05-25,125.9
2018-05-26,128.1
2018-05-27,122.0
2018-05-28,115.1
2018-05-29,120.2
2018-05-30,111.1
2018-05-31,129.5
2018-06-01,117.0
2018-06-02,131.6
2018-06-03,104.3
2018-06-04,132.2
2018-06-05,139.3
2018-06-06,96.4
2018-06-07,131.4
2018-06-08,143.8
2018-06-09,106.7
2018-06-10,149.5
2018-06-11,130.2
2018-06-12,112.8
2018-06-13,122.1
2018-06-14,130.8
2018-06-15,123.1
2018-06-16,129.5
2018-06-17,107.1
2018-06-18,123.0
2018-06-19,98.7
2018-06-20,117.7
2018-06-21,105.3
2018-06-22,107.3
2018-06-23,136.4
2018-06-24,133.7
2018-06-25,126.0
2018-06-26,99.9
2018-06-27,111.0
2018-06-28,133.5
2018-06-29,116.9
2018-06-30,149.0
2018-07-01,119.6
2018-07-02,116.1
2018-07-03,108.0
2018-07-04,114.1
2018-07-05,109.3
2018-07-06,121.7
2018-07-07,124.9
2018-07-08,98.3
2018-07-09,89.6
2018-07-10,81.5
2018-07-11,116.1
2018-07-12,91.4
2018-07-13,75.2
2018-07-14,112.8
2018-07-15,143.9
2018-07-16,105.9
2018-07-17,118.0
2018-07-18,106.2
2018-07-19,103.0
2018-07-20,117.7
2018-07-21,99.1
2018-07-22,107.0
2018-07-23,107.3
2018-07-24,91.9
2018-07-25,116.4
2018-07-26,98.4
2018-07-27,89.2
2018-07-28,108.1
2018-07-29,86.1
2018-07-30,99.5
2018-07-31,98.5
2018-08-01,114.5
2018-08-02,104.9
2018-08-03,96.9
2018-08-04,109.1
2018-08-05,117.3
2018-08-06,104.3
2018-08-07,95.7
2018-08-08,75.4
2018-08-09,78.7
2018-08-10,89.7
2018-08-11,84.7
2018-08-12,90.7
2018-08-13,93.9
2018-08-14,100.6
2018-08-15,91.2
2018-08-16,99.2
2018-08-17,92.5
2018-08-18,61.5
2018-08-19,76.7
2018-08-20,88.3
2018-08-21,72.0
2018-08-22,98.8
2018-08-23,112.4
2018-08-24,107.4
2018-08-25,85.6
2018-08-26,110.8
2018-08-27,90.4
2018-08-28,82.8
2018-08-29,78.4
2018-08-30,82.8
2018-08-31,81.2
2018-09-01,89.3
2018-09-02,88.9
2018-09-03,86.3
2018-09-04,92.5
2018-09-05,103.6
2018-09-06,99.8
2018-09-07,63.0
2018-09-08,46.8
2018-09-09,98.9
2018-09-10,64.2
2018-09-11,81.1
2018-09-12,66.8
2018-09-13,57.1
2018-09-14,92.1
2018-09-15,95.2
2018-09-16,75.0
2018-09-17,44.7
2018-09-18,75.2
2018-09-19,89.2
2018-09-20,61.0
2018-09-21,85.8
2018-09-22,82.7
2018-09-23,91.6
2018-09-24,84.6
2018-09-25,68.1
2018-09-26,100.6
2018-09-27,80.2
2018-09-28,82.2
2018-09-29,68.5
2018-09-30,75.9
2018-10-01,69.2
2018-10-02,79.9
2018-10-03,108.2
2018-10-04,61.9
2018-10-05,58.3
2018-10-06,104.6
2018-10-07,79.4
2018-10-08,72.6
2018-10-09,98.3
2018-10-10,73.7
2018-10-11,110.2
2018-10-12,93.1
2018-10-13,75.7
2018-10-14,115.5
2018-10-15,74.1
2018-10-16,94.5
2018-10-17,87.9
2018-10-18,103.1
2018-10-19,107.1
2018-10-20,84.3
2018-10-21,72.7
2018-10-22,91.1
2018-10-23,74.2
2018-10-24,114.8
2018-10-25,86.8
2018-10-26,79.5
2018-10-27,87.9
2018-10-28,65.2
2018-10-29,71.0
2018-10-30,103.8
2018-10-31,76.2
2018-11-01,70.6
2018-11-02,94.6
2018-11-03,104.6
2018-11-04,97.9
2018-11-05,102.3
2018-11-06,76.3
2018-11-07,66.6
2018-11-08,110.8
2018-11-09,83.7
2018-11-10,85.1
2018-11-11,109.1
2018-11-12,97.9
2018-11-13,96.7
2018-11-14,122.7
2018-11-15,80.9
2018-11-16,104.8
2018-11-17,92.1
2018-11-18,95.7
2018-11-19,114.9
2018-11-20,100.0
2018-11-21,100.8
2018-11-22,109.2
2018-11-23,88.1
2018-11-24,81.4
2018-11-25,78.7
2018-11-26,65.3
2018-11-27,126.0
2018-11-28,79.1
2018-11-29,92.7
2018-11-30,92.3
2018-12-01,101.5
2018-12-02,109.6
2018-12-03,110.7
2018-12-04,89.5
2018-12-05,96.2
2018-12-06,103.4
2018-12-07,95.9
2018-12-08,124.2
2018-12-09,107.9
2018-12-10,112.1
2018-12-11,111.4
2018-12-12,119.6
2018-12-13,105.2
2018-12-14,83.5
2018-12-15,109.4
2018-12-16,94.2
2018-12-17,96.5
2018-12-18,113.7
2018-12-19,124.0
2018-12-20,106.2
2018-12-21,111.0
2018-12-22,132.4
2018-12-23,111.0
2018-12-24,146.9
2018-12-25,116.9
2018-12-26,82.5
2018-12-27,120.7
2018-12-28,115.7
2018-12-29,129.8
2018-12-30,121.1
2018-12-31,109.4
2019-01-01,93.6
2019-01-02,109.4
2019-01-03,100.3
2019-01-04,104.8
2019-01-05,122.9
2019-01-06,139.6
2019-01-07,121.0
2019-01-08,97.6
2019-01-09,122.7
2019-01-10,134.5
2019-01-11,107.9
2019-01-12,115.6
2019-01-13,118.3
2019-01-14,106.8
2019-01-15,128.8
2019-01-16,117.8
2019-01-17,126.4
2019-01-18,107.2
2019-01-19,114.5
2019-01-20,132.4
2019-01-21,116.4
2019-01-22,148.4
2019-01-23,117.0
2019-01-24,126.8
2019-01-25,137.9
2019-01-26,103.1
2019-01-27,98.4
2019-01-28,102.4
2019-01-29,144.7
2019-01-30,117.9
2019-01-31,165.0
2019-02-01,118.6
2019-02-02,130.3
2019-02-03,151.1
2019-02-04,158.5
2019-02-05,159.7
2019-02-06,147.3
2019-02-07,145.0
2019-02-08,138.9
2019-02-09,142.1
2019-02-10,122.6
2019-02-11,118.9
2019-02-12,131.5
2019-02-13,129.4
2019-02-14,125.6
2019-02-15,143.2
2019-02-16,147.4
2019-02-17,134.8
2019-02-18,155.9
2019-02-19,117.0
2019-02-20,131.6
2019-02-21,124.0
2019-02-22,107.1
2019-02-23,134.2
2019-02-24,133.9
2019-02-25,158.7
2019-02-26,145.8
2019-02-27,121.2
2019-02-28,164.7
2019-03-01,155.5
2019-03-02,146.1
2019-03-03,134.3
2019-03-04,123.5
2019-03-05,132.6
2019-03-06,154.7
2019-03-07,166.9
2019-03-08,162.0
2019-03-09,131.7
2019-03-10,122.4
2019-03-11,141.5
2019-03-12,113.1
2019-03-13,144.6
2019-03-14,137.7
2019-03-15,133.1
2019-03-16,116.3
2019-03-17,148.1
2019-03-18,132.6
2019-03-19,123.1
2019-03-20,97.7
2019-03-21,140.5
2019-03-22,167.6
2019-03-23,166.0
2019-03-24,134.3
2019-03-25,132.2
2019-03-26,148.3
2019-03-27,126.4
2019-03-28,145.9
2019-03-29,152.9
2019-03-30,159.9
2019-03-31,140.0
2019-04-01,138.4
2019-04-02,128.3
2019-04-03,129.1
2019-04-04,138.1
2019-04-05,147.0
2019-04-06,155.1
2019-04-07,129.3
2019-04-08,163.7
2019-04-09,137.2
2019-04-10,140.9
2019-04-11,129.9
2019-04-12,104.7
2019-04-13,154.2
2019-04-14,151.9
2019-04-15,136.5
2019-04-16,141.6
2019-04-17,148.2
2019-04-18,116.9
2019-04-19,132.2
2019-04-20,151.9
2019-04-21,121.0
2019-04-22,144.1
2019-04-23,119.1
2019-04-24,146.3
2019-04-25,138.6
2019-04-26,114.7
2019-04-27,156.2
2019-04-28,127.5
2019-04-29,126.1
2019-04-30,141.0
2019-05-01,155.0
2019-05-02,122.3
2019-05-03,138.2
2019-05-04,143.4
2019-05-05,147.1
2019-05-06,139.1
2019-05-07,130.6
2019-05-08,123.4
2019-05-09,136.8
2019-05-10,119.1
2019-05-11,91.1
2019-05-12,141.1
2019-05-13,147.8
2019-05-14,98.4
2019-05-15,118.4
2019-05-16,142.5
2019-05-17,163.7
2019-05-18,132.8
2019-05-19,121.1
2019-05-20,128.9
2019-05-21,151.9
2019-05-22,121.2
2019-05-23,118.5
2019-05-24,122.9
2019-05-25,115.4
2019-05-26,131.1
2019-05-27,153.2
2019-05-28,133.3
2019-05-29,124.2
2019-05-30,123.2
2019-05-31,103.7
2019-06-01,139.9
2019-06-02,125.1
2019-06-03,123.1
2019-06-04,173.2
2019-06-05,129.4
2019-06-06,113.1
2019-06-07,117.5
2019-06-08,140.7
2019-06-09,124.7
2019-06-10,100.9
2019-06-11,135.8
2019-06-12,111.5
2019-06-13,149.1
2019-06-14,136.7
2019-06-15,113.3
2019-06-16,138.8
2019-06-17,120.1
2019-06-18,131.3
2019-06-19,125.3
2019-06-20,104.8
2019-06-21,107.4
2019-06-22,132.0
2019-06-23,111.0
2019-06-24,109.4
2019-06-25,100.6
2019-06-26,120.8
2019-06-27,144.9
2019-06-28,97.4
2019-06-29,113.2
2019-06-30,133.5
2019-07-01,110.6
2019-07-02,118.1
2019-07-03,94.9
2019-07-04,116.7
2019-07-05,106.9
2019-07-06,124.0
2019-07-07,126.5
2019-07-08,147.0
2019-07-09,116.4
2019-07-10,112.0
2019-07-11,109.6
2019-07-12,100.8
2019-07-13,110.7
2019-07-14,100.7
2019-07-15,107.1
2019-07-16,123.8
2019-07-17,88.5
2019-07-18,120.2
2019-07-19,122.3
2019-07-20,100.3
2019-07-21,69.7
2019-07-22,92.0
2019-07-23,120.0
2019-07-24,99.7
2019-07-25,84.6
2019-07-26,91.6
2019-07-27,111.3
2019-07-28,106.4
2019-07-29,94.1
2019-07-30,91.7
2019-07-31,90.9
2019-08-01,82.5
2019-08-02,120.1
2019-08-03,90.6
2019-08-04,113.2
2019-08-05,117.3
2019-08-06,109.1
2019-08-07,87.2
2019-08-08,99.3
2019-08-09,92.4
2019-08-10,78.8
2019-08-11,96.8
2019-08-12,73.9
2019-08-13,109.0
2019-08-14,83.8
2019-08-15,93.4
2019-08-16,94.3
2019-08-17,85.7
2019-08-18,98.1
2019-08-19,81.8
2019-08-20,101.6
2019-08-21,68.0
2019-08-22,89.7
2019-08-23,116.6
2019-08-24,72.2
2019-08-25,76.7
2019-08-26,94.3
2019-08-27,88.9
2019-08-28,91.2
2019-08-29,93.0
2019-08-30,94.9
2019-08-31,101.7
2019-09-01,91.0
2019-09-02,80.9
2019-09-03,94.4
2019-09-04,112.5
2019-09-05,81.8
2019-09-06,69.0
2019-09-07,100.0
2019-09-08,81.3
2019-09-09,50.3
2019-09-10,95.4
2019-09-11,74.5
2019-09-12,81.0
2019-09-13,87.2
2019-09-14,84.9
2019-09-15,92.5
2019-09-16,75.2
2019-09-17,89.3
2019-09-18,77.5
2019-09-19,92.4
2019-09-20,90.4
2019-09-21,67.0
2019-09-22,97.3
2019-09-23,72.9
2019-09-24,92.9
2019-09-25,86.3
2019-09-26,108.3
2019-09-27,77.3
2019-09-28,75.3
2019-09-29,80.3
2019-09-30,76.0
2019-10-01,92.5
2019-10-02,56.2
2019-10-03,64.7
2019-10-04,64.5
2019-10-05,94.8
2019-10-06,106.2
2019-10-07,79.0
2019-10-08,78.1
2019-10-09,81.7
2019-10-10,98.2
2019-10-11,66.9
2019-10-12,84.5
2019-10-13,95.6
2019-10-14,88.6
2019-10-15,84.0
2019-10-16,96.3
2019-10-17,40.9
2019-10-18,91.7
2019-10-19,71.9
2019-10-20,54.4
2019-10-21,89.7
2019-10-22,102.8
2019-10-23,80.3
2019-10-24,96.8
2019-10-25,106.9
2019-10-26,102.6
2019-10-27,107.7
2019-10-28,94.4
2019-10-29,84.7
2019-10-30,59.7
2019-10-31,80.3
2019-11-01,71.6
2019-11-02,117.1
2019-11-03,82.1
2019-11-04,86.9
2019-11-05,93.6
2019-11-06,86.2
2019-11-07,111.3
2019-11-08,76.8
2019-11-09,89.4
2019-11-10,75.7
2019-11-11,67.3
2019-11-12,78.3
2019-11-13,87.2
2019-11-14,81.7
2019-11-15,78.1
2019-11-16,67.7
2019-11-17,87.9
2019-11-18,67.0
2019-11-19,101.3
2019-11-20,91.5
2019-11-21,68.8
2019-11-22,86.4
2019-11-23,80.2
2019-11-24,96.6
2019-11-25,112.4
2019-11-26,64.5
2019-11-27,94.8
2019-11-28,91.1
2019-11-29,104.0
2019-11-30,97.6
2019-12-01,83.5
2019-12-02,90.5
2019-12-03,83.7
2019-12-04,112.3
2019-12-05,96.9
2019-12-06,125.6
2019-12-07,96.6
2019-12-08,87.3
2019-12-09,75.7
2019-12-10,71.9
2019-12-11,75.6
2019-12-12,103.9
2019-12-13,108.0
2019-12-14,77.1
2019-12-15,114.7
2019-12-16,94.6
2019-12-17,104.5
2019-12-18,127.0
2019-12-19,116.7
2019-12-20,99.8
2019-12-21,90.9
2019-12-22,72.5
2019-12-23,94.5
2019-12-24,102.6
2019-12-25,91.5
2019-12-26,104.8
2019-12-27,108.5
2019-12-28,104.4
2019-12-29,98.6
2019-12-30,111.4
2019-12-31,116.0
2020-01-01,93.5
2020-01-02,131.5
2020-01-03,109.4
2020-01-04,111.7
2020-01-05,122.5
2020-01-06,115.9
2020-01-07,127.2
2020-01-08,117.7
2020-01-09,104.7
2020-01-10,119.9
2020-01-11,97.8
2020-01-12,117.1
2020-01-13,115.5
2020-01-14,113.3
2020-01-15,115.0
2020-01-16,89.2
2020-01-17,109.7
2020-01-18,119.8
2020-01-19,121.3
2020-01-20,104.0
2020-01-21,138.9
2020-01-22,107.4
2020-01-23,135.4
2020-01-24,127.7
2020-01-25,112.1
2020-01-26,148.9
2020-01-27,104.8
2020-01-28,137.0
2020-01-29,138.6
2020-01-30,114.0
2020-01-31,145.4
2020-02-01,121.2
2020-02-02,129.7
2020-02-03,129.7
2020-02-04,124.2
2020-02-05,138.8
2020-02-06,139.0
2020-02-07,101.3
2020-02-08,147.5
2020-02-09,103.4
2020-02-10,144.2
2020-02-11,146.0
2020-02-12,113.1
2020-02-13,123.7
2020-02-14,113.7
2020-02-15,127.4
2020-02-16,126.4
2020-02-17,143.0
2020-02-18,151.3
2020-02-19,153.0
2020-02-20,123.9
2020-02-21,129.6
2020-02-22,107.8
2020-02-23,121.3
2020-02-24,148.1
2020-02-25,158.2
2020-02-26,115.7
2020-02-27,125.6
2020-02-28,134.4
2020-02-29,139.3
2020-03-01,123.2
2020-03-02,142.0
2020-03-03,128.7
2020-03-04,135.9
2020-03-05,144.5
2020-03-06,136.7
2020-03-07,130.2
2020-03-08,135.3
2020-03-09,135.9
2020-03-10,131.8
2020-03-11,133.7
2020-03-12,161.7
2020-03-13,146.3
2020-03-14,133.6
2020-03-15,148.7
2020-03-16,133.4
2020-03-17,156.1
2020-03-18,144.2
2020-03-19,137.1
2020-03-20,145.6
2020-03-21,115.4
2020-03-22,122.2
2020-03-23,121.2
2020-03-24,141.4
2020-03-25,125.3
2020-03-26,132.8
2020-03-27,109.0
2020-03-28,106.9
2020-03-29,72.4
2020-03-30,91.3
2020-03-31,87.7
2020-04-01,90.2
2020-04-02,97.0
2020-04-03,92.4
2020-04-04,69.8
2020-04-05,110.6
2020-04-06,83.3
2020-04-07,102.9
2020-04-08,130.4
2020-04-09,85.4
2020-04-10,61.2
2020-04-11,94.8
2020-04-12,115.5
2020-04-13,128.2
2020-04-14,80.3
2020-04-15,106.1
2020-04-16,91.5
2020-04-17,96.8
2020-04-18,137.9
2020-04-19,75.5
2020-04-20,101.7
2020-04-21,104.7
2020-04-22,113.8
2020-04-23,98.8
2020-04-24,101.8
2020-04-25,91.1
2020-04-26,100.8
2020-04-27,91.4
2020-04-28,105.6
2020-04-29,90.5
2020-04-30,101.5
2020-05-01,95.1
2020-05-02,112.2
2020-05-03,94.3
2020-05-04,68.2
2020-05-05,113.4
2020-05-06,80.6
2020-05-07,84.1
2020-05-08,84.7
2020-05-09,113.9
2020-05-10,60.9
2020-05-11,139.7
2020-05-12,108.1
2020-05-13,95.3
2020-05-14,90.8
2020-05-15,95.5
2020-05-16,98.7
2020-05-17,100.2
2020-05-18,98.5
2020-05-19,91.1
2020-05-20,86.4
2020-05-21,86.7
2020-05-22,85.7
2020-05-23,105.2
2020-05-24,136.7
2020-05-25,83.3
2020-05-26,136.8
2020-05-27,129.5
2020-05-28,125.8
2020-05-29,119.9
2020-05-30,142.1
2020-05-31,139.0
2020-06-01,112.8
2020-06-02,130.0
2020-06-03,108.9
2020-06-04,102.3
2020-06-05,113.1
2020-06-06,135.0
2020-06-07,135.9
2020-06-08,128.8
2020-06-09,131.5
2020-06-10,127.9
2020-06-11,110.0
2020-06-12,125.6
2020-06-13,130.7
2020-06-14,129.5
2020-06-15,135.5
2020-06-16,127.8
2020-06-17,121.9
2020-06-18,132.2
2020-06-19,115.3
2020-06-20,101.9
2020-06-21,112.2
2020-06-22,102.9
2020-06-23,103.5
2020-06-24,110.9
2020-06-25,100.7
2020-06-26,107.4
2020-06-27,83.1
2020-06-28,114.2
2020-06-29,110.5
2020-06-30,97.7
2020-07-01,119.3
2020-07-02,123.0
2020-07-03,84.3
2020-07-04,96.4
2020-07-05,95.8
2020-07-06,92.7
2020-07-07,118.8
2020-07-08,102.9
2020-07-09,101.3
2020-07-10,74.7
2020-07-11,113.8
2020-07-12,85.1
2020-07-13,104.1
2020-07-14,106.9
2020-07-15,122.6
2020-07-16,82.1
2020-07-17,55.9
2020-07-18,103.4
2020-07-19,127.2
2020-07-20,118.3
2020-07-21,102.3
2020-07-22,91.3
2020-07-23,110.3
2020-07-24,83.1
2020-07-25,104.4
2020-07-26,104.3
2020-07-27,112.2
2020-07-28,137.2
2020-07-29,101.2
2020-07-30,87.2
2020-07-31,94.0
2020-08-01,67.4
2020-08-02,83.1
2020-08-03,86.9
2020-08-04,84.8
2020-08-05,94.5
2020-08-06,79.4
2020-08-07,108.1
2020-08-08,90.9
2020-08-09,90.3
2020-08-10,85.2
2020-08-11,92.0
2020-08-12,101.6
2020-08-13,75.9
2020-08-14,78.6
2020-08-15,83.5
2020-08-16,67.5
2020-08-17,75.1
2020-08-18,79.8
2020-08-19,99.7
2020-08-20,90.2
2020-08-21,88.8
2020-08-22,98.4
2020-08-23,83.2
2020-08-24,90.8
2020-08-25,83.1
2020-08-26,88.3
2020-08-27,75.3
2020-08-28,47.1
2020-08-29,81.4
2020-08-30,104.5
2020-08-31,96.8
2020-09-01,97.1
2020-09-02,100.9
2020-09-03,83.4
2020-09-04,84.8
2020-09-05,72.4
2020-09-06,76.7
2020-09-07,90.4
2020-09-08,99.0
2020-09-09,78.7
2020-09-10,73.8
2020-09-11,80.4
2020-09-12,89.2
2020-09-13,58.4
2020-09-14,45.4
2020-09-15,71.5
2020-09-16,61.3
2020-09-17,71.8
2020-09-18,77.1
2020-09-19,72.4
2020-09-20,100.9
2020-09-21,83.9
2020-09-22,83.4
2020-09-23,88.2
2020-09-24,61.7
2020-09-25,94.3
2020-09-26,77.5
2020-09-27,88.6
2020-09-28,62.5
2020-09-29,55.2
2020-09-30,90.8
2020-10-01,84.1
2020-10-02,65.0
2020-10-03,65.4
2020-10-04,95.4
2020-10-05,60.7
2020-10-06,103.2
2020-10-07,65.1
2020-10-08,88.2
2020-10-09,73.8
2020-10-10,87.8
2020-10-11,70.7
2020-10-12,76.5
2020-10-13,79.7
2020-10-14,64.1
2020-10-15,90.4
2020-10-16,71.7
2020-10-17,76.1
2020-10-18,64.7
2020-10-19,41.4
2020-10-20,77.1
2020-10-21,116.3
2020-10-22,92.0
2020-10-23,80.2
2020-10-24,76.7
2020-10-25,81.2
2020-10-26,89.3
2020-10-27,63.5
2020-10-28,98.2
2020-10-29,92.4
2020-10-30,92.7
2020-10-31,88.8
2020-11-01,82.7
2020-11-02,92.8
2020-11-03,91.8
2020-11-04,77.9
2020-11-05,74.9
2020-11-06,85.3
2020-11-07,107.3
2020-11-08,65.8
2020-11-09,62.7
2020-11-10,87.5
2020-11-11,86.1
2020-11-12,88.3
2020-11-13,89.7
2020-11-14,83.0
2020-11-15,109.1
2020-11-16,63.1
2020-11-17,75.0
2020-11-18,86.3
2020-11-19,63.5
2020-11-20,85.9
2020-11-21,113.9
2020-11-22,89.7
2020-11-23,93.2
2020-11-24,71.3
2020-11-25,81.3
2020-11-26,85.4
2020-11-27,86.6
2020-11-28,111.0
2020-11-29,100.6
2020-11-30,76.0
2020-12-01,96.8
2020-12-02,101.0
2020-12-03,111.1
2020-12-04,118.2
2020-12-05,79.7
2020-12-06,83.2
2020-12-07,77.0
2020-12-08,92.8
2020-12-09,103.8
2020-12-10,112.1
2020-12-11,96.6
2020-12-12,93.4
2020-12-13,101.0
2020-12-14,86.7
2020-12-15,131.0
2020-12-16,76.1
2020-12-17,103.4
2020-12-18,131.5
2020-12-19,101.8
2020-12-20,99.3
2020-12-21,97.3
2020-12-22,100.5
2020-12-23,124.3
2020-12-24,71.0
2020-12-25,127.7
2020-12-26,83.8
2020-12-27,101.7
2020-12-28,99.8
2020-12-29,115.5
2020-12-30,83.3
2020-12-31,114.7
2021-01-01,138.6
2021-01-02,88.3
2021-01-03,112.1
2021-01-04,99.8
2021-01-05,116.7
2021-01-06,111.1
2021-01-07,101.7
2021-01-08,119.1
2021-01-09,139.4
2021-01-10,110.0
2021-01-11,124.1
2021-01-12,94.4
2021-01-13,100.0
2021-01-14,121.9
2021-01-15,137.6
2021-01-16,121.1
2021-01-17,111.6
2021-01-18,116.8
2021-01-19,98.5
2021-01-20,126.8
2021-01-21,131.5
2021-01-22,111.9
2021-01-23,112.1
2021-01-24,123.6
2021-01-25,113.6
2021-01-26,119.6
2021-01-27,152.5
2021-01-28,117.8
2021-01-29,116.6
2021-01-30,112.7
2021-01-31,134.0
2021-02-01,120.6
2021-02-02,114.0
2021-02-03,144.0
2021-02-04,145.9
2021-02-05,116.0
2021-02-06,97.4
2021-02-07,140.9
2021-02-08,116.0
2021-02-09,138.5
2021-02-10,97.5
2021-02-11,140.8
2021-02-12,109.6
2021-02-13,139.1
2021-02-14,128.7
2021-02-15,114.6
2021-02-16,123.1
2021-02-17,139.9
2021-02-18,131.5
2021-02-19,139.1
2021-02-20,160.3
2021-02-21,107.5
2021-02-22,155.5
2021-02-23,133.1
2021-02-24,118.4
2021-02-25,112.2
2021-02-26,129.6
2021-02-27,146.6
2021-02-28,131.1
2021-03-01,155.9
2021-03-02,111.8
2021-03-03,133.6
2021-03-04,115.2
2021-03-05,139.7
2021-03-06,147.8
2021-03-07,128.4
2021-03-08,95.9
2021-03-09,138.1
2021-03-10,141.9
2021-03-11,141.6
2021-03-12,154.2
2021-03-13,119.8
2021-03-14,146.2
2021-03-15,154.1
2021-03-16,109.7
2021-03-17,141.3
2021-03-18,129.0
2021-03-19,135.5
2021-03-20,142.0
2021-03-21,129.6
2021-03-22,126.9
2021-03-23,137.6
2021-03-24,120.9
2021-03-25,121.0
2021-03-26,147.5
2021-03-27,120.1
2021-03-28,147.4
2021-03-29,144.4
2021-03-30,111.6
2021-03-31,127.3
2021-04-01,155.4
2021-04-02,122.8
2021-04-03,130.5
2021-04-04,144.4
2021-04-05,149.2
2021-04-06,133.6
2021-04-07,128.4
2021-04-08,158.6
2021-04-09,163.3
2021-04-10,151.8
2021-04-11,138.3
2021-04-12,124.8
2021-04-13,124.4
2021-04-14,144.6
2021-04-15,142.9
2021-04-16,157.5
2021-04-17,146.1
2021-04-18,113.7
2021-04-19,151.9
2021-04-20,121.0
2021-04-21,130.0
2021-04-22,139.3
2021-04-23,165.3
2021-04-24,181.9
2021-04-25,144.1
2021-04-26,132.0
2021-04-27,142.6
2021-04-28,147.7
2021-04-29,129.3
2021-04-30,160.8
2021-05-01,137.1
2021-05-02,140.8
2021-05-03,143.1
2021-05-04,139.2
2021-05-05,145.1
2021-05-06,123.0
2021-05-07,123.6
2021-05-08,115.2
2021-05-09,137.9
2021-05-10,142.7
2021-05-11,137.6
2021-05-12,155.5
2021-05-13,130.0
2021-05-14,139.7
2021-05-15,113.0
2021-05-16,123.2
2021-05-17,139.1
2021-05-18,141.0
2021-05-19,123.5
2021-05-20,126.4
2021-05-21,104.3
2021-05-22,121.4
2021-05-23,139.7
2021-05-24,134.5
2021-05-25,133.0
2021-05-26,125.8
2021-05-27,124.8
2021-05-28,114.3
2021-05-29,134.3
2021-05-30,129.7
2021-05-31,130.3
2021-06-01,114.6
2021-06-02,89.7
2021-06-03,138.0
2021-06-04,113.9
2021-06-05,107.7
2021-06-06,130.6
2021-06-07,113.8
2021-06-08,135.1
2021-06-09,128.0
2021-06-10,128.5
2021-06-11,97.3
2021-06-12,135.5
2021-06-13,120.7
2021-06-14,110.8
2021-06-15,117.9
2021-06-16,88.6
2021-06-17,120.9
2021-06-18,98.8
2021-06-19,93.5
2021-06-20,90.4
2021-06-21,129.4
2021-06-22,102.8
2021-06-23,134.7
2021-06-24,103.2
2021-06-25,85.1
2021-06-26,93.4
2021-06-27,128.2
2021-06-28,106.8
2021-06-29,100.4
2021-06-30,110.5
2021-07-01,115.1
2021-07-02,123.8
2021-07-03,128.3
2021-07-04,100.6
2021-07-05,85.6
2021-07-06,98.8
2021-07-07,108.4
2021-07-08,89.5
2021-07-09,89.1
2021-07-10,108.0
2021-07-11,101.6
2021-07-12,102.4
2021-07-13,90.0
2021-07-14,97.4
2021-07-15,86.5
2021-07-16,113.2
2021-07-17,114.8
2021-07-18,71.1
2021-07-19,84.4
2021-07-20,75.4
2021-07-21,87.6
2021-07-22,95.6
2021-07-23,74.6
2021-07-24,82.0
2021-07-25,80.3
2021-07-26,98.0
2021-07-27,95.4
2021-07-28,83.1
2021-07-29,96.1
2021-07-30,84.8
2021-07-31,88.5
2021-08-01,117.2
2021-08-02,111.7
2021-08-03,71.7
2021-08-04,103.2
2021-08-05,102.5
2021-08-06,72.6
2021-08-07,101.7
2021-08-08,112.1
2021-08-09,71.7
2021-08-10,74.4
2021-08-11,103.0
2021-08-12,91.4
2021-08-13,95.2
2021-08-14,91.7
2021-08-15,92.1
2021-08-16,65.9
2021-08-17,101.2
2021-08-18,102.6
2021-08-19,81.3
2021-08-20,83.7
2021-08-21,61.1
2021-08-22,91.4
2021-08-23,91.9
2021-08-24,82.1
2021-08-25,99.6
2021-08-26,77.4
2021-08-27,90.6
2021-08-28,66.5
2021-08-29,81.1
2021-08-30,78.6
2021-08-31,84.3
2021-09-01,75.1
2021-09-02,78.4
2021-09-03,92.6
2021-09-04,73.4
2021-09-05,55.6
2021-09-06,105.7
2021-09-07,100.0
2021-09-08,59.6
2021-09-09,89.2
2021-09-10,71.1
2021-09-11,82.4
2021-09-12,82.7
2021-09-13,74.6
2021-09-14,66.2
2021-09-15,67.4
2021-09-16,63.9
2021-09-17,65.0
2021-09-18,76.4
2021-09-19,66.5
2021-09-20,87.4
2021-09-21,99.3
2021-09-22,68.2
2021-09-23,80.4
2021-09-24,84.3
2021-09-25,83.8
2021-09-26,77.8
2021-09-27,87.7
2021-09-28,83.8
2021-09-29,58.0
2021-09-30,89.5
2021-10-01,89.8
2021-10-02,65.0
2021-10-03,77.1
2021-10-04,86.8
2021-10-05,73.4
2021-10-06,92.6
2021-10-07,112.1
2021-10-08,64.9
2021-10-09,56.0
2021-10-10,81.3
2021-10-11,87.7
2021-10-12,73.5
2021-10-13,98.8
2021-10-14,57.0
2021-10-15,87.6
2021-10-16,68.3
2021-10-17,103.3
2021-10-18,107.5
2021-10-19,66.2
2021-10-20,69.7
2021-10-21,91.0
2021-10-22,72.4
2021-10-23,77.7
2021-10-24,79.0
2021-10-25,50.0
2021-10-26,78.8
2021-10-27,68.9
2021-10-28,72.0
2021-10-29,101.3
2021-10-30,61.0
2021-10-31,92.3
2021-11-01,76.2
2021-11-02,76.4
2021-11-03,92.7
2021-11-04,86.3
2021-11-05,90.0
2021-11-06,96.3
2021-11-07,77.1
2021-11-08,73.1
2021-11-09,66.4
2021-11-10,70.6
2021-11-11,127.5
2021-11-12,102.3
2021-11-13,63.7
2021-11-14,64.4
2021-11-15,91.9
2021-11-16,93.2
2021-11-17,93.6
2021-11-18,81.9
2021-11-19,84.2
2021-11-20,91.4
2021-11-21,88.1
2021-11-22,54.0
2021-11-23,84.2
2021-11-24,75.3
2021-11-25,91.1
2021-11-26,133.7
2021-11-27,94.8
2021-11-28,85.0
2021-11-29,104.0
2021-11-30,97.8
2021-12-01,97.3
2021-12-02,100.6
2021-12-03,122.8
2021-12-04,75.4
2021-12-05,99.9
2021-12-06,79.4
2021-12-07,102.1
2021-12-08,80.4
2021-12-09,88.4
2021-12-10,90.7
2021-12-11,110.3
2021-12-12,109.9
2021-12-13,77.9
2021-12-14,97.9
2021-12-15,86.9
2021-12-16,79.2
2021-12-17,95.3
2021-12-18,94.4
2021-12-19,135.9
2021-12-20,106.5
2021-12-21,79.9
2021-12-22,92.6
2021-12-23,116.9
2021-12-24,133.4
2021-12-25,78.8
2021-12-26,74.9
2021-12-27,131.6
2021-12-28,109.9
2021-12-29,91.6
2021-12-30,113.1
2021-12-31,66.1
2022-01-01,106.2
2022-01-02,111.5
2022-01-03,121.0
2022-01-04,92.4
2022-01-05,109.4
2022-01-06,94.8
2022-01-07,113.0
2022-01-08,96.2
2022-01-09,104.1
2022-01-10,95.8
2022-01-11,121.0
2022-01-12,124.6
2022-01-13,108.7
2022-01-14,113.3
2022-01-15,91.5
2022-01-16,109.2
2022-01-17,113.4
2022-01-18,154.0
2022-01-19,98.5
2022-01-20,137.6
2022-01-21,131.1
2022-01-22,120.8
2022-01-23,143.4
2022-01-24,123.1
2022-01-25,123.8
2022-01-26,117.7
2022-01-27,137.3
2022-01-28,135.8
2022-01-29,110.5
2022-01-30,100.5
2022-01-31,117.7
2022-02-01,109.2
2022-02-02,120.7
2022-02-03,140.6
2022-02-04,115.6
2022-02-05,122.2
2022-02-06,124.2
2022-02-07,136.4
2022-02-08,90.4
2022-02-09,115.4
2022-02-10,128.1
2022-02-11,143.3
2022-02-12,118.3
2022-02-13,97.9
2022-02-14,135.7
2022-02-15,117.3
2022-02-16,109.3
2022-02-17,118.1
2022-02-18,125.1
2022-02-19,119.1
2022-02-20,95.4
2022-02-21,142.3
2022-02-22,148.3
2022-02-23,139.3
2022-02-24,112.7
2022-02-25,127.1
2022-02-26,130.3
2022-02-27,139.7
2022-02-28,141.0
2022-03-01,120.2
2022-03-02,132.7
2022-03-03,138.6
2022-03-04,153.8
2022-03-05,142.8
2022-03-06,144.3
2022-03-07,133.9
2022-03-08,154.0
2022-03-09,139.2
2022-03-10,120.4
2022-03-11,154.5
2022-03-12,144.1
2022-03-13,127.2
2022-03-14,126.8
2022-03-15,138.6
2022-03-16,141.2
2022-03-17,137.4
2022-03-18,139.2
2022-03-19,160.2
2022-03-20,150.9
2022-03-21,137.8
2022-03-22,149.1
2022-03-23,119.6
2022-03-24,141.1
2022-03-25,162.4
2022-03-26,132.0
2022-03-27,122.6
2022-03-28,125.6
2022-03-29,119.1
2022-03-30,123.7
2022-03-31,129.9
2022-04-01,114.4
2022-04-02,135.7
2022-04-03,149.0
2022-04-04,121.8
2022-04-05,158.2
2022-04-06,143.1
2022-04-07,150.8
2022-04-08,125.4
2022-04-09,148.1
2022-04-10,118.8
2022-04-11,148.4
2022-04-12,137.6
2022-04-13,143.2
2022-04-14,117.2
2022-04-15,121.2
2022-04-16,143.5
2022-04-17,120.2
2022-04-18,141.2
2022-04-19,113.6
2022-04-20,146.7
2022-04-21,115.3
2022-04-22,141.9
2022-04-23,142.8
2022-04-24,122.8
2022-04-25,141.8
2022-04-26,136.8
2022-04-27,124.5
2022-04-28,117.3
2022-04-29,102.7
2022-04-30,137.2
2022-05-01,108.2
2022-05-02,132.9
2022-05-03,127.2
2022-05-04,141.1
2022-05-05,126.1
2022-05-06,125.4
2022-05-07,141.0
2022-05-08,134.8
2022-05-09,134.2
2022-05-10,136.2
2022-05-11,105.8
2022-05-12,139.8
2022-05-13,137.3
2022-05-14,112.5
2022-05-15,123.8
2022-05-16,126.5
2022-05-17,124.7
2022-05-18,131.4
2022-05-19,147.4
2022-05-20,141.8
2022-05-21,105.5
2022-05-22,134.1
2022-05-23,144.3
2022-05-24,129.8
2022-05-25,140.0
2022-05-26,153.4
2022-05-27,138.1
2022-05-28,126.1
2022-05-29,137.6
2022-05-30,123.6
2022-05-31,121.4
2022-06-01,115.3
2022-06-02,143.6
2022-06-03,107.4
2022-06-04,142.2
2022-06-05,126.2
2022-06-06,97.3
2022-06-07,123.3
2022-06-08,85.8
2022-06-09,126.2
2022-06-10,129.7
2022-06-11,107.0
2022-06-12,117.3
2022-06-13,144.2
2022-06-14,106.8
2022-06-15,98.0
2022-06-16,135.6
2022-06-17,142.4
2022-06-18,112.5
2022-06-19,127.1
2022-06-20,131.5
2022-06-21,99.7
2022-06-22,103.1
2022-06-23,128.3
2022-06-24,134.6
2022-06-25,117.3
2022-06-26,95.1
2022-06-27,137.6
2022-06-28,99.3
2022-06-29,101.7
2022-06-30,111.4
2022-07-01,129.0
2022-07-02,118.0
2022-07-03,110.9
2022-07-04,111.1
2022-07-05,104.3
2022-07-06,111.5
2022-07-07,64.6
2022-07-08,97.6
2022-07-09,105.2
2022-07-10,83.8
2022-07-11,106.3
2022-07-12,96.9
2022-07-13,125.8
2022-07-14,122.6
2022-07-15,91.5
2022-07-16,95.7
2022-07-17,96.3
2022-07-18,90.2
2022-07-19,99.4
2022-07-20,84.6
2022-07-21,78.5
2022-07-22,104.3
2022-07-23,103.9
2022-07-24,81.9
2022-07-25,106.9
2022-07-26,83.5
2022-07-27,96.3
2022-07-28,104.4
2022-07-29,91.1
2022-07-30,97.9
2022-07-31,82.9
2022-08-01,87.2
2022-08-02,86.6
2022-08-03,78.1
2022-08-04,86.2
2022-08-05,65.2
2022-08-06,80.6
2022-08-07,83.3
2022-08-08,83.3
2022-08-09,83.1
2022-08-10,85.3
2022-08-11,93.1
2022-08-12,98.6
2022-08-13,75.3
2022-08-14,66.6
2022-08-15,68.7
2022-08-16,76.6
2022-08-17,78.3
2022-08-18,71.6
2022-08-19,63.4
2022-08-20,75.6
2022-08-21,84.8
2022-08-22,90.7
2022-08-23,73.1
2022-08-24,74.9
2022-08-25,66.9
2022-08-26,80.0
2022-08-27,67.4
2022-08-28,88.5
2022-08-29,52.8
2022-08-30,73.9
2022-08-31,83.5
2022-09-01,81.5
2022-09-02,118.9
2022-09-03,83.5
2022-09-04,62.9
2022-09-05,76.3
2022-09-06,50.9
2022-09-07,76.1
2022-09-08,64.6
2022-09-09,90.6
2022-09-10,68.4
2022-09-11,74.7
2022-09-12,66.8
2022-09-13,102.2
2022-09-14,71.1
2022-09-15,103.3
2022-09-16,87.9
2022-09-17,82.7
2022-09-18,80.9
2022-09-19,81.2
2022-09-20,46.2
2022-09-21,70.9
2022-09-22,87.6
2022-09-23,74.1
2022-09-24,53.7
2022-09-25,73.9
2022-09-26,100.2
2022-09-27,93.3
2022-09-28,73.6
2022-09-29,88.8
2022-09-30,69.0
2022-10-01,48.9
2022-10-02,60.6
2022-10-03,97.9
2022-10-04,70.4
2022-10-05,70.9
2022-10-06,70.0
2022-10-07,103.1
2022-10-08,99.0
2022-10-09,108.0
2022-10-10,72.4
2022-10-11,79.3
2022-10-12,52.1
2022-10-13,97.1
2022-10-14,57.6
2022-10-15,78.4
2022-10-16,58.9
2022-10-17,66.6
2022-10-18,63.0
2022-10-19,66.6
2022-10-20,67.8
2022-10-21,67.8
2022-10-22,88.7
2022-10-23,59.8
2022-10-24,79.9
2022-10-25,95.0
2022-10-26,69.2
2022-10-27,66.4
2022-10-28,73.9
2022-10-29,95.3
2022-10-30,80.7
2022-10-31,70.1
2022-11-01,85.6
2022-11-02,62.0
2022-11-03,89.0
2022-11-04,85.2
2022-11-05,74.8
2022-11-06,67.1
2022-11-07,66.7
2022-11-08,88.3
2022-11-09,99.0
2022-11-10,71.3
2022-11-11,88.1
2022-11-12,50.2
2022-11-13,73.1
2022-11-14,81.7
2022-11-15,68.9
2022-11-16,68.9
2022-11-17,73.2
2022-11-18,88.0
2022-11-19,81.2
2022-11-20,50.8
2022-11-21,53.0
2022-11-22,76.0
2022-11-23,92.4
2022-11-24,44.7
2022-11-25,78.9
2022-11-26,78.9
2022-11-27,108.0
2022-11-28,81.8
2022-11-29,93.8
2022-11-30,90.6
2022-12-01,56.9
2022-12-02,100.9
2022-12-03,93.0
2022-12-04,97.9
2022-12-05,149.6
2022-12-06,59.9
2022-12-07,117.5
2022-12-08,87.8
2022-12-09,96.9
2022-12-10,92.3
2022-12-11,87.1
2022-12-12,85.4
2022-12-13,99.4
2022-12-14,72.2
2022-12-15,106.7
2022-12-16,89.7
2022-12-17,79.5
2022-12-18,90.2
2022-12-19,116.3
2022-12-20,89.9
2022-12-21,103.8
2022-12-22,87.9
2022-12-23,110.8
2022-12-24,110.2
2022-12-25,128.1
2022-12-26,98.3
2022-12-27,111.5
2022-12-28,103.4
2022-12-29,121.9
2022-12-30,92.2
2022-12-31,114.6
2023-01-01,101.1
2023-01-02,103.5
2023-01-03,106.4
2023-01-04,109.3
2023-01-05,104.3
2023-01-06,109.8
2023-01-07,130.7
2023-01-08,122.3
2023-01-09,121.1
2023-01-10,101.7
2023-01-11,95.7
2023-01-12,123.9
2023-01-13,123.2
2023-01-14,132.7
2023-01-15,102.0
2023-01-16,108.1
2023-01-17,87.5
2023-01-18,106.7
2023-01-19,128.0
2023-01-20,106.5
2023-01-21,123.6
2023-01-22,111.6
2023-01-23,119.8
2023-01-24,98.2
2023-01-25,117.2
2023-01-26,71.5
2023-01-27,114.0
2023-01-28,92.8
2023-01-29,135.8
2023-01-30,129.8
2023-01-31,125.6
2023-02-01,141.9
2023-02-02,105.3
2023-02-03,146.1
2023-02-04,134.3
2023-02-05,117.2
2023-02-06,138.2
2023-02-07,105.0
2023-02-08,109.7
2023-02-09,113.3
2023-02-10,114.9
2023-02-11,107.4
2023-02-12,141.9
2023-02-13,120.1
2023-02-14,129.6
2023-02-15,116.2
2023-02-16,97.8
2023-02-17,129.5
2023-02-18,97.1
2023-02-19,125.1
2023-02-20,105.9
2023-02-21,156.6
2023-02-22,140.8
2023-02-23,129.0
2023-02-24,146.7
2023-02-25,115.3
2023-02-26,136.5
2023-02-27,131.6
2023-02-28,132.8
2023-03-01,148.2
2023-03-02,140.4
2023-03-03,134.0
2023-03-04,105.1
2023-03-05,115.8
2023-03-06,128.5
2023-03-07,132.0
2023-03-08,113.9
2023-03-09,167.2
2023-03-10,154.0
2023-03-11,140.5
2023-03-12,132.7
2023-03-13,128.6
2023-03-14,117.7
2023-03-15,133.3
2023-03-16,136.1
2023-03-17,113.8
2023-03-18,137.5
2023-03-19,130.3
2023-03-20,104.2
2023-03-21,120.0
2023-03-22,126.8
2023-03-23,161.4
2023-03-24,141.5
2023-03-25,113.2
2023-03-26,140.6
2023-03-27,110.1
2023-03-28,149.6
2023-03-29,126.4
2023-03-30,132.0
2023-03-31,153.4
2023-04-01,114.2
2023-04-02,112.5
2023-04-03,124.7
2023-04-04,149.0
2023-04-05,110.6
2023-04-06,90.9
2023-04-07,126.6
2023-04-08,141.6
2023-04-09,151.3
2023-04-10,126.2
2023-04-11,126.9
2023-04-12,150.3
2023-04-13,104.9
2023-04-14,127.0
2023-04-15,135.6
2023-04-16,139.3
2023-04-17,124.8
2023-04-18,132.8
2023-04-19,94.8
2023-04-20,122.1
2023-04-21,138.6
2023-04-22,116.9
2023-04-23,132.4
2023-04-24,138.0
2023-04-25,126.0
2023-04-26,133.5
2023-04-27,116.2
2023-04-28,127.4
2023-04-29,139.4
2023-04-30,132.3
2023-05-01,120.9
2023-05-02,132.9
2023-05-03,140.0
2023-05-04,98.2
2023-05-05,146.1
2023-05-06,123.4
2023-05-07,134.5
2023-05-08,145.8
2023-05-09,106.9
2023-05-10,116.5
2023-05-11,122.5
2023-05-12,114.8
2023-05-13,152.2
2023-05-14,113.0
2023-05-15,117.2
2023-05-16,128.2
2023-05-17,106.8
2023-05-18,118.5
2023-05-19,128.8
2023-05-20,118.7
2023-05-21,121.9
2023-05-22,115.0
2023-05-23,99.8
2023-05-24,126.9
2023-05-25,148.0
2023-05-26,121.6
2023-05-27,124.2
2023-05-28,130.8
2023-05-29,101.0
2023-05-30,145.1
2023-05-31,122.2
2023-06-01,143.2
2023-06-02,107.2
2023-06-03,145.1
2023-06-04,129.0
2023-06-05,125.2
2023-06-06,119.9
2023-06-07,112.2
2023-06-08,133.5
2023-06-09,117.1
2023-06-10,85.0
2023-06-11,97.2
2023-06-12,110.7
2023-06-13,117.7
2023-06-14,111.7
2023-06-15,130.3
2023-06-16,82.3
2023-06-17,113.2
2023-06-18,83.3
2023-06-19,121.4
2023-06-20,108.1
2023-06-21,115.3
2023-06-22,95.5
2023-06-23,127.2
2023-06-24,123.1
2023-06-25,115.7
2023-06-26,104.5
2023-06-27,114.6
2023-06-28,94.8
2023-06-29,117.7
2023-06-30,129.1
2023-07-01,119.9
2023-07-02,92.4
2023-07-03,108.2
2023-07-04,82.9
2023-07-05,110.3
2023-07-06,108.0
2023-07-07,72.7
2023-07-08,82.8
2023-07-09,95.4
2023-07-10,94.6
2023-07-11,80.5
2023-07-12,103.9
2023-07-13,101.4
2023-07-14,94.2
2023-07-15,85.2
2023-07-16,111.8
2023-07-17,120.4
2023-07-18,87.8
2023-07-19,85.4
2023-07-20,101.4
2023-07-21,88.2
2023-07-22,91.0
2023-07-23,103.7
2023-07-24,63.4
2023-07-25,111.4
2023-07-26,92.2
2023-07-27,84.5
2023-07-28,88.8
2023-07-29,89.1
2023-07-30,63.3
2023-07-31,111.2
2023-08-01,88.9
2023-08-02,94.5
2023-08-03,101.7
2023-08-04,71.6
2023-08-05,93.6
2023-08-06,82.1
2023-08-07,98.3
2023-08-08,53.3
2023-08-09,83.3
2023-08-10,75.3
2023-08-11,90.5
2023-08-12,90.6
2023-08-13,72.5
2023-08-14,72.1
2023-08-15,80.7
2023-08-16,68.6
2023-08-17,94.3
2023-08-18,75.7
2023-08-19,37.3
2023-08-20,74.9
2023-08-21,64.6
2023-08-22,55.4
2023-08-23,60.9
2023-08-24,80.8
2023-08-25,98.8
2023-08-26,83.2
2023-08-27,69.1
2023-08-28,84.8
2023-08-29,70.8
2023-08-30,66.9
2023-08-31,59.8
2023-09-01,50.5
2023-09-02,70.7
2023-09-03,78.7
2023-09-04,74.6
2023-09-05,69.6
2023-09-06,61.4
2023-09-07,84.5
2023-09-08,55.4
2023-09-09,86.6
2023-09-10,59.7
2023-09-11,63.2
2023-09-12,52.3
2023-09-13,66.6
2023-09-14,88.6
2023-09-15,81.6
2023-09-16,88.4
2023-09-17,81.4
2023-09-18,56.9
2023-09-19,68.3
2023-09-20,61.5
2023-09-21,93.0
2023-09-22,55.0
2023-09-23,86.3
2023-09-24,86.2
2023-09-25,100.2
2023-09-26,66.5
2023-09-27,83.3
2023-09-28,106.8
2023-09-29,63.3
2023-09-30,49.5
2023-10-01,44.3
2023-10-02,83.2
2023-10-03,44.2
2023-10-04,66.9
2023-10-05,79.1
2023-10-06,75.3
2023-10-07,79.0
2023-10-08,75.9
2023-10-09,91.8
2023-10-10,58.4
2023-10-11,62.6
2023-10-12,61.3
2023-10-13,85.4
2023-10-14,86.6
2023-10-15,79.9
2023-10-16,91.0
2023-10-17,55.7
2023-10-18,98.5
2023-10-19,96.5
2023-10-20,84.9
2023-10-21,100.7
2023-10-22,49.3
2023-10-23,66.4
2023-10-24,63.5
2023-10-25,85.5
2023-10-26,59.1
2023-10-27,86.5
2023-10-28,95.9
2023-10-29,86.0
2023-10-30,80.0
2023-10-31,61.2
2023-11-01,63.5
2023-11-02,95.2
2023-11-03,88.4
2023-11-04,76.4
2023-11-05,71.0
2023-11-06,47.2
2023-11-07,61.8
2023-11-08,106.8
2023-11-09,59.3
2023-11-10,81.6
2023-11-11,94.2
2023-11-12,60.6
2023-11-13,82.5
2023-11-14,94.2
2023-11-15,80.6
2023-11-16,123.8
2023-11-17,56.1
2023-11-18,97.4
2023-11-19,79.3
2023-11-20,93.9
2023-11-21,89.3
2023-11-22,72.1
2023-11-23,86.9
2023-11-24,56.0
2023-11-25,93.3
2023-11-26,89.1
2023-11-27,94.7
2023-11-28,101.4
2023-11-29,91.4
2023-11-30,88.6
2023-12-01,73.6
2023-12-02,76.5
2023-12-03,105.5
2023-12-04,109.7
2023-12-05,85.0
2023-12-06,89.7
2023-12-07,75.9
2023-12-08,107.6
2023-12-09,100.4
2023-12-10,120.0
2023-12-11,78.2
2023-12-12,86.2
2023-12-13,95.8
2023-12-14,102.5
2023-12-15,90.1
2023-12-16,80.7
2023-12-17,107.5
2023-12-18,105.6
2023-12-19,81.5
2023-12-20,116.1
2023-12-21,113.8
2023-12-22,98.8
2023-12-23,98.5
2023-12-24,106.1
2023-12-25,85.4
2023-12-26,99.2
2023-12-27,67.0
2023-12-28,113.0
2023-12-29,76.9
2023-12-30,123.4
2023-12-31,96.4
2024-01-01,98.7
2024-01-02,92.9
2024-01-03,98.6
2024-01-04,124.7
2024-01-05,66.6
2024-01-06,123.6
2024-01-07,110.0
2024-01-08,87.3
2024-01-09,89.8
2024-01-10,131.6
2024-01-11,92.8
2024-01-12,90.1
2024-01-13,125.0
2024-01-14,113.5
2024-01-15,94.9
2024-01-16,112.7
2024-01-17,94.5
2024-01-18,126.9
2024-01-19,126.8
2024-01-20,119.4
2024-01-21,117.3
2024-01-22,138.8
2024-01-23,112.8
2024-01-24,95.6
2024-01-25,120.5
2024-01-26,145.5
2024-01-27,99.5
2024-01-28,109.7
2024-01-29,121.9
2024-01-30,115.3
2024-01-31,101.8
2024-02-01,133.8
2024-02-02,152.2
2024-02-03,120.8
2024-02-04,104.7
2024-02-05,95.4
2024-02-06,123.0
2024-02-07,136.1
2024-02-08,127.0
2024-02-09,120.3
2024-02-10,111.9
2024-02-11,104.7
2024-02-12,134.0
2024-02-13,135.6
2024-02-14,99.1
2024-02-15,146.5
2024-02-16,131.6
2024-02-17,144.3
2024-02-18,103.6
2024-02-19,103.5
2024-02-20,122.1
2024-02-21,132.2
2024-02-22,152.0
2024-02-23,135.9
2024-02-24,122.0
2024-02-25,110.5
2024-02-26,144.7
2024-02-27,112.1
2024-02-28,151.2
2024-02-29,122.8
2024-03-01,151.2
2024-03-02,137.8
2024-03-03,125.8
2024-03-04,120.3
2024-03-05,123.2
2024-03-06,135.0
2024-03-07,129.9
2024-03-08,120.1
2024-03-09,126.7
2024-03-10,130.6
2024-03-11,97.6
2024-03-12,136.6
2024-03-13,115.2
2024-03-14,112.8
2024-03-15,104.9
2024-03-16,103.5
2024-03-17,110.2
2024-03-18,120.0
2024-03-19,160.0
2024-03-20,123.0
2024-03-21,133.6
2024-03-22,137.1
2024-03-23,133.1
2024-03-24,130.0
2024-03-25,113.3
2024-03-26,153.1
2024-03-27,158.5
2024-03-28,106.2
2024-03-29,116.1
2024-03-30,127.3
2024-03-31,117.0
2024-04-01,139.1
2024-04-02,120.6
2024-04-03,163.9
2024-04-04,149.3
2024-04-05,134.6
2024-04-06,146.8
2024-04-07,147.9
2024-04-08,122.8
2024-04-09,119.0
2024-04-10,132.3
2024-04-11,144.0
2024-04-12,133.0
2024-04-13,107.2
2024-04-14,118.7
2024-04-15,129.5
2024-04-16,129.3
2024-04-17,159.9
2024-04-18,109.4
2024-04-19,137.6
2024-04-20,152.2
2024-04-21,163.8
2024-04-22,123.5
2024-04-23,136.7
2024-04-24,137.7
2024-04-25,131.9
2024-04-26,127.3
2024-04-27,135.1
2024-04-28,90.3
2024-04-29,138.3
2024-04-30,129.7
2024-05-01,124.2
2024-05-02,158.0
2024-05-03,116.9
2024-05-04,120.7
2024-05-05,156.3
2024-05-06,113.7
2024-05-07,117.6
2024-05-08,123.4
2024-05-09,137.9
2024-05-10,128.1
2024-05-11,105.2
2024-05-12,116.3
2024-05-13,114.8
2024-05-14,122.4
2024-05-15,129.6
2024-05-16,129.2
2024-05-17,95.9
2024-05-18,138.1
2024-05-19,125.6
2024-05-20,142.2
2024-05-21,127.7
2024-05-22,137.1
2024-05-23,127.2
2024-05-24,140.0
2024-05-25,127.2
2024-05-26,117.5
2024-05-27,152.6
2024-05-28,131.4
2024-05-29,126.3
2024-05-30,98.1
2024-05-31,97.5
2024-06-01,120.7
2024-06-02,118.1
2024-06-03,106.2
2024-06-04,117.1
2024-06-05,138.3
2024-06-06,124.5
2024-06-07,96.5
2024-06-08,111.4
2024-06-09,100.5
2024-06-10,106.3
2024-06-11,105.4
2024-06-12,104.0
2024-06-13,91.8
2024-06-14,108.2
2024-06-15,101.3
2024-06-16,65.2
2024-06-17,139.5
2024-06-18,124.5
2024-06-19,102.0
2024-06-20,107.4
2024-06-21,89.0
2024-06-22,131.5
2024-06-23,134.1
2024-06-24,107.4
2024-06-25,119.9
2024-06-26,106.7
2024-06-27,83.5
2024-06-28,96.8
2024-06-29,104.5
2024-06-30,95.1
2024-07-01,98.2
2024-07-02,99.5
2024-07-03,99.2
2024-07-04,100.7
2024-07-05,83.4
2024-07-06,88.1
2024-07-07,79.0
2024-07-08,112.5
2024-07-09,65.7
2024-07-10,114.1
2024-07-11,117.0
2024-07-12,91.2
2024-07-13,56.2
2024-07-14,89.3
2024-07-15,93.2
2024-07-16,78.5
2024-07-17,85.5
2024-07-18,115.6
2024-07-19,102.2
2024-07-20,77.8
2024-07-21,67.2
2024-07-22,85.8
2024-07-23,87.0
2024-07-24,97.2
2024-07-25,81.2
2024-07-26,96.4
2024-07-27,117.3
2024-07-28,100.0
2024-07-29,86.6
2024-07-30,84.1
2024-07-31,81.1
2024-08-01,103.7
2024-08-02,76.1
2024-08-03,85.7
2024-08-04,85.4
2024-08-05,76.7
2024-08-06,63.2
2024-08-07,88.2
2024-08-08,82.0
2024-08-09,90.0
2024-08-10,74.1
2024-08-11,100.0
2024-08-12,68.1
2024-08-13,106.5
2024-08-14,54.3
2024-08-15,86.6
2024-08-16,86.8
2024-08-17,67.4
2024-08-18,85.3
2024-08-19,97.8
2024-08-20,45.0
2024-08-21,85.5
2024-08-22,40.2
2024-08-23,62.8
2024-08-24,101.4
2024-08-25,67.9
2024-08-26,58.7
2024-08-27,73.0
2024-08-28,106.7
2024-08-29,47.9
2024-08-30,59.4
2024-08-31,97.3
2024-09-01,102.5
2024-09-02,72.8
2024-09-03,55.5
2024-09-04,105.3
2024-09-05,97.5
2024-09-06,83.6
2024-09-07,61.0
2024-09-08,72.2
2024-09-09,70.4
2024-09-10,77.5
2024-09-11,94.1
2024-09-12,85.4
2024-09-13,55.9
2024-09-14,92.5
2024-09-15,76.4
2024-09-16,81.9
2024-09-17,93.4
2024-09-18,54.6
2024-09-19,70.7
2024-09-20,63.1
2024-09-21,47.5
2024-09-22,76.1
2024-09-23,108.5
2024-09-24,43.1
2024-09-25,70.2
2024-09-26,80.2
2024-09-27,72.4
2024-09-28,68.8
2024-09-29,51.0
2024-09-30,74.0
2024-10-01,59.1
2024-10-02,37.6
2024-10-03,88.4
2024-10-04,84.9
2024-10-05,71.3
2024-10-06,74.0
2024-10-07,86.7
2024-10-08,74.0
2024-10-09,84.3
2024-10-10,66.3
2024-10-11,90.5
2024-10-12,75.8
2024-10-13,73.9
2024-10-14,52.1
2024-10-15,75.6
2024-10-16,58.9
2024-10-17,61.9
2024-10-18,59.4
2024-10-19,55.8
2024-10-20,103.8
2024-10-21,92.1
2024-10-22,101.1
2024-10-23,54.1
2024-10-24,73.7
2024-10-25,53.4
2024-10-26,62.6
2024-10-27,59.5
2024-10-28,92.1
2024-10-29,67.8
2024-10-30,90.0
2024-10-31,83.2
2024-11-01,109.0
2024-11-02,52.5
2024-11-03,93.8
2024-11-04,92.4
2024-11-05,60.9
2024-11-06,90.9
2024-11-07,81.1
2024-11-08,73.0
2024-11-09,64.4
2024-11-10,66.2
2024-11-11,108.1
2024-11-12,77.7
2024-11-13,89.8
2024-11-14,66.5
2024-11-15,67.0
2024-11-16,95.3
2024-11-17,59.2
2024-11-18,73.6
2024-11-19,80.7
2024-11-20,82.2
2024-11-21,78.3
2024-11-22,87.3
2024-11-23,92.1
2024-11-24,93.2
2024-11-25,67.8
2024-11-26,78.7
2024-11-27,101.3
2024-11-28,97.2
2024-11-29,63.7
2024-11-30,90.0
2024-12-01,55.4
2024-12-02,86.3
2024-12-03,114.5
2024-12-04,72.2
2024-12-05,74.4
2024-12-06,98.8
2024-12-07,64.7
2024-12-08,78.8
2024-12-09,97.7
2024-12-10,79.7
2024-12-11,86.2
2024-12-12,101.4
2024-12-13,97.0
2024-12-14,95.2
2024-12-15,86.6
2024-12-16,97.7
2024-12-17,90.8
2024-12-18,100.0
2024-12-19,86.2
2024-12-20,91.4
2024-12-21,79.8
2024-12-22,94.6
2024-12-23,83.5
2024-12-24,79.5
2024-12-25,100.5
2024-12-26,100.4
2024-12-27,109.4
2024-12-28,91.7
